<?xml version="1.0" encoding="UTF-8"?>
<configuration scan="true">

    <springProperty scope="context" name="path" source="logging.custom.path"/>

    <!-- 输出到控制台 -->
    <appender name="console" class="ch.qos.logback.core.ConsoleAppender">
        <layout class="ch.qos.logback.classic.PatternLayout">
            <pattern>
               %date{HH:mm:ss.SSS} %-5level [%t] %C{0}.%M:%L - %msg%n
            </pattern>
        </layout>
    </appender>

    <!-- 业务日志输出到文件 -->
    <appender name="infoFile" class="ch.qos.logback.core.rolling.RollingFileAppender">
        <file>${path}/info/info.log</file>
        <append>true</append>
        <encoder>
            <pattern>
                %date{yyyy-MM-dd HH:mm:ss.SSS} %C{0}.%M:%L - %msg%n
            </pattern>
            <charset>UTF-8</charset>
        </encoder>
        <rollingPolicy class="ch.qos.logback.core.rolling.SizeAndTimeBasedRollingPolicy">
            <fileNamePattern>${path}/info/%d{yyyy-MM-dd}.%i.log.zip</fileNamePattern>
            <maxFileSize>20MB</maxFileSize>
            <maxHistory>30</maxHistory>
            <totalSizeCap>10GB</totalSizeCap>
        </rollingPolicy>
        <filter class="ch.qos.logback.classic.filter.LevelFilter">
            <level>INFO</level>
            <onMatch>ACCEPT</onMatch>
            <onMismatch>DENY</onMismatch>
        </filter>
    </appender>

    <!-- 错误日志输出到文件 -->
    <appender name="errorFile" class="ch.qos.logback.core.rolling.RollingFileAppender">
        <file>${path}/error/error.log</file>
        <append>true</append>
        <encoder>
            <pattern>
                %date{yyyy-MM-dd HH:mm:ss.SSS} %C{0}.%M:%L - %msg%n
            </pattern>
            <charset>UTF-8</charset>
        </encoder>
        <rollingPolicy class="ch.qos.logback.core.rolling.SizeAndTimeBasedRollingPolicy">
            <fileNamePattern>${path}/error/%d{yyyy-MM-dd}.%i.log.zip</fileNamePattern>
            <maxFileSize>20MB</maxFileSize>
            <maxHistory>30</maxHistory>
            <totalSizeCap>10GB</totalSizeCap>
        </rollingPolicy>
        <filter class="ch.qos.logback.classic.filter.LevelFilter">
            <level>ERROR</level>
            <onMatch>ACCEPT</onMatch>
            <onMismatch>DENY</onMismatch>
        </filter>
    </appender>

    <root level="INFO">
        <appender-ref ref="infoFile"/>
        <appender-ref ref="errorFile"/>
        <appender-ref ref="console"/>
    </root>
</configuration>
